Name,City,Country
Name,City,Country
Barter Island LRRS Airport,Barter Island,United States
Wainwright Air Station,Fort Wainwright,United States
Cape Lisburne LRRS Airport,Cape Lisburne,United States
Point Lay LRRS Airport,Point Lay,United States
Hilo International Airport,Hilo,United States
Orlando Executive Airport,Orlando,United States
Bettles Airport,Bettles,United States
Clear Airport,Clear Mews,United States
Indian Mountain LRRS Airport,Indian Mountains,United States
Fort Yukon Airport,Fort Yukon,United States
Sparrevohn LRRS Airport,Sparrevohn,United States
Bryant Army Heliport,Fort Richardson,United States
Tatalina LRRS Airport,Tatalina,United States
Cape Romanzof LRRS Airport,Cape Romanzof,United States
Laurence G Hanscom Field,Bedford,United States
St Paul Island Airport,St. Paul Island,United States
Cape Newenham LRRS Airport,Cape Newenham,United States
St George Airport,Point Barrow,United States
Iliamna Airport,Iliamna,United States
Platinum Airport,Port Moller,United States
Big Mountain Airport,Big Mountain,United States
Oscoda Wurtsmith Airport,Oscoda,United States
Marina Municipal Airport,Fort Ord,United States
Sacramento Mather Airport,Sacramento,United States
Bicycle Lake Army Air Field,Fort Irwin,United States
Twentynine Palms (Self) Airport,Twenty Nine Palms,United States
Fort Smith Regional Airport,Fort Smith,United States
Merrill Field,Anchorage,United States
Grants-Milan Municipal Airport,Grants,United States
Ponca City Regional Airport,Ponca City,United States
Hunter Army Air Field,Hunter Aaf,United States
Grand Forks International Airport,Grand Forks,United States
"Pine Bluff Regional Airport, Grider Field",Pine Bluff,United States
Whiting Field Naval Air Station - North,Milton,United States
Hana Airport,Hana,United States
Ernest A. Love Field,Prescott,United States
Trenton Mercer Airport,Trenton,United States
General Edward Lawrence Logan International Airport,Boston,United States
Travis Air Force Base,Fairfield,United States
Griffiss International Airport,Rome,United States
Wendover Airport,Wendover,United States
Mobile Downtown Airport,Mobile,United States
Metropolitan Oakland International Airport,Oakland,United States
Eppley Airfield,Omaha,United States
Port Angeles Cgas Airport,Port Angeles,United States
Kahului Airport,Kahului,United States
Wichita Eisenhower National Airport,Wichita,United States
Kansas City International Airport,Kansas City,United States
Dane County Regional Truax Field,Madison,United States
Dillingham Airport,Dillingham,United States
Boone County Airport,Harrison,United States
Phoenix Sky Harbor International Airport,Phoenix,United States
Bangor International Airport,Bangor,United States
Fort Lauderdale Executive Airport,Fort Lauderdale,United States
East Texas Regional Airport,Longview,United States
Anderson Regional Airport,Andersen,United States
Spokane International Airport,Spokane,United States
North Perry Airport,Hollywood,United States
San Francisco International Airport,San Francisco,United States
Cut Bank International Airport,Cutbank,United States
Acadiana Regional Airport,Louisiana,United States
Gainesville Regional Airport,Gainesville,United States
Memphis International Airport,Memphis,United States
Bisbee Douglas International Airport,Douglas,United States
Allen Army Airfield,Delta Junction,United States
TSTC Waco Airport,Waco,United States
Annette Island Airport,Annette Island,United States
Caribou Municipal Airport,Caribou,United States
Little Rock Air Force Base,Jacksonville,United States
Redstone Army Air Field,Redstone,United States
Pope Field,Fort Bragg,United States
Dalhart Municipal Airport,Dalhart,United States
DLF Airport,Del Rio,United States
Los Angeles International Airport,Los Angeles,United States
Anniston Regional Airport,Anniston,United States
Cleveland Hopkins International Airport,Cleveland,United States
Dover Air Force Base,Dover,United States
Cincinnati Northern Kentucky International Airport,Cincinnati,United States
Tipton Airport,Fort Meade,United States
China Lake Naws (Armitage Field) Airport,China Lake,United States
Huron Regional Airport,Huron,United States
Juneau International Airport,Juneau,United States
Lafayette Regional Airport,Lafayette,United States
Newark Liberty International Airport,Newark,United States
Boise Air Terminal/Gowen Field,Boise,United States
Creech Air Force Base,Indian Springs,United States
Garden City Regional Airport,Garden City,United States
Minot International Airport,Minot,United States
Wheeler Army Airfield,Wahiawa,United States
Maxwell Air Force Base,Montgomery,United States
Robinson Army Air Field,Robinson,United States
Dallas Love Field,Dallas,United States
Butts AAF (Fort Carson) Air Field,Fort Carson,United States
Helena Regional Airport,Helena,United States
Miramar Marine Corps Air Station - Mitscher Field,Miramar,United States
Luke Air Force Base,Phoenix,United States
Hurlburt Field,Mary Esther,United States
Jack Northrop Field Hawthorne Municipal Airport,Hawthorne,United States
Houlton International Airport,Houlton,United States
Vance Air Force Base,Enid,United States
Point Mugu Naval Air Station (Naval Base Ventura Co),Point Mugu,United States
Edwards Air Force Base,Edwards Afb,United States
Lake Charles Regional Airport,Lake Charles,United States
Ellison Onizuka Kona International At Keahole Airport,Kona,United States
Myrtle Beach International Airport,Myrtle Beach,United States
Lemoore Naval Air Station (Reeves Field) Airport,Lemoore,United States
Nantucket Memorial Airport,Nantucket,United States
Felker Army Air Field,Fort Eustis,United States
Campbell AAF (Fort Campbell) Air Field,Hopkinsville,United States
Ronald Reagan Washington National Airport,Washington,United States
Patuxent River Naval Air Station (Trapnell Field),Patuxent River,United States
Palacios Municipal Airport,Palacios,United States
Arkansas International Airport,Blytheville,United States
Atlantic City International Airport,Atlantic City,United States
Tinker Air Force Base,Oklahoma City,United States
Elizabeth City Regional Airport & Coast Guard Air Station,Elizabeth City,United States
Pueblo Memorial Airport,Pueblo,United States
Northern Maine Regional Airport at Presque Isle,Presque Isle,United States
Gray Army Air Field,Fort Lewis,United States
Kodiak Airport,Kodiak,United States
Upolu Airport,Opolu,United States
Fort Lauderdale Hollywood International Airport,Fort Lauderdale,United States
Muskogee-Davis Regional Airport,Muskogee,United States
Falls International Airport,International Falls,United States
Salt Lake City International Airport,Salt Lake City,United States
Childress Municipal Airport,Childress,United States
Keesler Air Force Base,Biloxi,United States
Lawson Army Air Field (Fort Benning),Fort Benning,United States
Kingsville Naval Air Station,Kingsville,United States
Marshall Army Air Field,Fort Riley,United States
Harrisburg International Airport,Harrisburg,United States
Lincoln Airport,Lincoln,United States
Capital City Airport,Lansing,United States
Waimea Kohala Airport,Kamuela,United States
Massena International Richards Field,Massena,United States
Hickory Regional Airport,Hickory,United States
Albert Whitted Airport,St. Petersburg,United States
Page Field,Fort Myers,United States
George Bush Intercontinental Houston Airport,Houston,United States
Millinocket Municipal Airport,Millinocket,United States
Joint Base Andrews,Camp Springs,United States
Smith Reynolds Airport,Winston-salem,United States
Southern California Logistics Airport,Victorville,United States
Bob Sikes Airport,Crestview,United States
Wheeler Sack Army Air Field,Fort Drum,United States
St Clair County International Airport,Port Huron,United States
Meadows Field,Bakersfield,United States
El Paso International Airport,El Paso,United States
Valley International Airport,Harlingen,United States
Columbia Metropolitan Airport,Columbia,United States
Davis Monthan Air Force Base,Tucson,United States
Pensacola Naval Air Station/Forrest Sherman Field,Pensacola,United States
Pensacola Regional Airport,Pensacola,United States
Grand Forks Air Force Base,Red River,United States
William P Hobby Airport,Houston,United States
Buckley Air Force Base,Buckley,United States
Northway Airport,Northway,United States
"Warren ""Bud"" Woods Palmer Municipal Airport",Palmer,United States
Pittsburgh International Airport,Pittsburgh,United States
Wiley Post Will Rogers Memorial Airport,Barrow,United States
Ellington Airport,Houston,United States
Whidbey Island Naval Air Station (Ault Field),Whidbey Island,United States
Alice International Airport,Alice,United States
Moody Air Force Base,Valdosta,United States
Miami International Airport,Miami,United States
Seattle Tacoma International Airport,Seattle,United States
Lovell Field,Chattanooga,United States
Igor I Sikorsky Memorial Airport,Stratford,United States
Jackson-Medgar Wiley Evers International Airport,Jackson,United States
Scholes International At Galveston Airport,Galveston,United States
Long Beach /Daugherty Field/ Airport,Long Beach,United States
Dillingham Airfield,Dillingham,United States
Williamsport Regional Airport,Williamsport,United States
Indianapolis International Airport,Indianapolis,United States
Whiteman Air Force Base,Knobnoster,United States
Akron Fulton International Airport,Akron,United States
Greenwood–Leflore Airport,Greenwood,United States
Westchester County Airport,White Plains,United States
Francis S Gabreski Airport,West Hampton Beach,United States
Jonesboro Municipal Airport,Jonesboro,United States
Tonopah Test Range Airport,Tonopah,United States
Palm Beach County Park Airport,West Palm Beach,United States
North Island Naval Air Station-Halsey Field,San Diego,United States
Biggs Army Air Field (Fort Bliss),El Paso,United States
Yuma MCAS/Yuma International Airport,Yuma,United States
Cavern City Air Terminal,Carlsbad,United States
Duluth International Airport,Duluth,United States
Bethel Airport,Bethel,United States
Bowman Field,Louisville,United States
Sierra Vista Municipal Libby Army Air Field,Fort Huachuca,United States
Lihue Airport,Lihue,United States
"Terre Haute Regional Airport, Hulman Field",Terre Haute,United States
Havre City County Airport,Havre,United States
Grant County International Airport,Grant County Airport,United States
Edward F Knapp State Airport,Montpelier,United States
San Nicolas Island Nolf Airport,San Nicolas Island,United States
Richmond International Airport,Richmond,United States
Shreveport Regional Airport,Shreveport,United States
Merle K (Mudhole) Smith Airport,Cordova,United States
Norfolk International Airport,Norfolk,United States
Southeast Texas Regional Airport,Beaumont,United States
Savannah Hilton Head International Airport,Savannah,United States
Hill Air Force Base,Ogden,United States
Nome Airport,Nome,United States
Scappoose Industrial Airpark,San Luis,United States
St Petersburg Clearwater International Airport,St. Petersburg,United States
Menominee Regional Airport,Macon,United States
Conroe-North Houston Regional Airport,Conroe,United States
Deadhorse Airport,Deadhorse,United States
San Antonio International Airport,San Antonio,United States
Greater Rochester International Airport,Rochester,United States
Patrick Air Force Base,Coco Beach,United States
Teterboro Airport,Teterboro,United States
Ellsworth Air Force Base,Rapid City,United States
Raleigh Durham International Airport,Raleigh-durham,United States
James M Cox Dayton International Airport,Dayton,United States
Kenai Municipal Airport,Kenai,United States
Mc Alester Regional Airport,Mcalester,United States
Niagara Falls International Airport,Niagara Falls,United States
Coulter Field,Bryan,United States
Wright AAF (Fort Stewart)/Midcoast Regional Airport,Wright,United States
Newport News Williamsburg International Airport,Newport News,United States
Esler Regional Airport,Alexandria,United States
Altus Air Force Base,Altus,United States
Tucson International Airport,Tucson,United States
Minot Air Force Base,Minot,United States
Beale Air Force Base,Marysville,United States
Greater Kankakee Airport,Kankakee,United States
Seymour Johnson Air Force Base,Goldsboro,United States
Theodore Francis Green State Airport,Providence,United States
Salisbury Ocean City Wicomico Regional Airport,Salisbury,United States
Rancho Murieta Airport,Rancho Murieta,United States
Bob Hope Airport,Burbank,United States
Detroit Metropolitan Wayne County Airport,Detroit,United States
Tampa International Airport,Tampa,United States
Pembina Municipal Airport,Pembina,United States
Polk Army Air Field,Fort Polk,United States
Eielson Air Force Base,Fairbanks,United States
Range Regional Airport,Hibbing,United States
Angelina County Airport,Lufkin,United States
Midland International Airport,Midland,United States
Austin Straubel International Airport,Green Bay,United States
Ardmore Municipal Airport,Ardmore,United States
Mc Guire Air Force Base,Wrightstown,United States
Cherry Point MCAS /Cunningham Field/,Cherry Point,United States
Emanuel County Airport,Santa Barbara,United States
Augusta Regional At Bush Field,Bush Field,United States
Sloulin Field International Airport,Williston,United States
Bill & Hillary Clinton National Airport/Adams Field,Little Rock,United States
Stewart International Airport,Newburgh,United States
Baudette International Airport,Baudette,United States
Sacramento Executive Airport,Sacramento,United States
Homer Airport,Homer,United States
Waynesville-St. Robert Regional Forney field,Fort Leonardwood,United States
Dobbins Air Reserve Base,Marietta,United States
Fairchild Air Force Base,Spokane,United States
Roscommon County - Blodgett Memorial Airport,Houghton Lake,United States
Tyndall Air Force Base,Panama City,United States
Dallas Fort Worth International Airport,Dallas-Fort Worth,United States
Melbourne International Airport,Melbourne,United States
McChord Air Force Base,Tacoma,United States
Austin Bergstrom International Airport,Austin,United States
Rickenbacker International Airport,Columbus,United States
Sawyer International Airport,Gwinn,United States
McGhee Tyson Airport,Knoxville,United States
Hood Army Air Field,Fort Hood,United States
St Louis Lambert International Airport,St. Louis,United States
Millville Municipal Airport,Millville,United States
Sheppard Air Force Base-Wichita Falls Municipal Airport,Wichita Falls,United States
Cincinnati Municipal Airport Lunken Field,Cincinnati,United States
Hartsfield Jackson Atlanta International Airport,Atlanta,United States
Castle Airport,Merced,United States
Mc Clellan Airfield,Sacramento,United States
Gerald R. Ford International Airport,Grand Rapids,United States
Winkler County Airport,Wink,United States
Fresno Yosemite International Airport,Fresno,United States
Vero Beach Regional Airport,Vero Beach,United States
Imperial County Airport,Imperial,United States
Nashville International Airport,Nashville,United States
Laredo International Airport,Laredo,United States
Elmendorf Air Force Base,Anchorage,United States
Ralph Wien Memorial Airport,Kotzebue,United States
Altoona Blair County Airport,Altoona,United States
Dyess Air Force Base,Abilene,United States
South Arkansas Regional At Goodwin Field,El Dorado,United States
La Guardia Airport,New York,United States
Tallahassee Regional Airport,Tallahassee,United States
Dupage Airport,West Chicago,United States
Waco Regional Airport,Waco,United States
Augusta State Airport,Augusta,United States
Hillsboro Municipal Airport,Hillsboro,United States
Jacksonville Naval Air Station (Towers Field),Jacksonville,United States
McKellar-Sipes Regional Airport,Jackson,United States
Molokai Airport,Molokai,United States
Godman Army Air Field,Fort Knox,United States
New River MCAS /H/ /Mccutcheon Fld/ Airport,Jacksonville,United States
San Angelo Regional Mathis Field,San Angelo,United States
Calexico International Airport,Calexico,United States
Chico Municipal Airport,Chico,United States
Burlington International Airport,Burlington,United States
Jacksonville International Airport,Jacksonville,United States
Durango La Plata County Airport,Durango,United States
Washington Dulles International Airport,Washington,United States
Easterwood Field,College Station,United States
Felts Field,Spokane,United States
General Mitchell International Airport,Milwaukee,United States
Abilene Regional Airport,Abilene,United States
Columbia Regional Airport,Columbia,United States
Portland International Airport,Portland,United States
Dade Collier Training and Transition Airport,Miami,United States
Palm Beach International Airport,West Palm Beach,United States
Fort Worth Meacham International Airport,Fort Worth,United States
Ogdensburg International Airport,Ogdensburg,United States
Cape Cod Coast Guard Air Station,Falmouth,United States
Boeing Field King County International Airport,Seattle,United States
Lackland Air Force Base,San Antonio,United States
Daniel K Inouye International Airport,Honolulu,United States
Des Moines International Airport,Des Moines,United States
Coastal Carolina Regional Airport,New Bern,United States
San Diego International Airport,San Diego,United States
Monroe Regional Airport,Monroe,United States
Shaw Air Force Base,Sumter,United States
Ontario International Airport,Ontario,United States
Majors Airport,Greenvile,United States
Roswell International Air Center Airport,Roswell,United States
Coleman A. Young Municipal Airport,Detroit,United States
Brownsville South Padre Island International Airport,Brownsville,United States
Dothan Regional Airport,Dothan,United States
Cape May County Airport,Wildwood,United States
Fallon Naval Air Station,Fallon,United States
Selfridge Air National Guard Base Airport,Mount Clemens,United States
Four Corners Regional Airport,Farmington,United States
Corpus Christi International Airport,Corpus Christi,United States
Syracuse Hancock International Airport,Syracuse,United States
Naval Air Station Key West/Boca Chica Field,Key West,United States
Chicago Midway International Airport,Chicago,United States
Norman Y. Mineta San Jose International Airport,San Jose,United States
Lea County Regional Airport,Hobbs,United States
Northeast Philadelphia Airport,Philadelphia,United States
Denver International Airport,Denver,United States
Philadelphia International Airport,Philadelphia,United States
Sioux Gateway Col. Bud Day Field,Sioux City,United States
Middle Georgia Regional Airport,Macon,United States
Truth Or Consequences Municipal Airport,Truth Or Consequences,United States
Palmdale Regional/USAF Plant 42 Airport,Palmdale,United States
Randolph Air Force Base,San Antonio,United States
El Centro NAF Airport (Vraciu Field),El Centro,United States
John Glenn Columbus International Airport,Columbus,United States
Drake Field,Fayetteville,United States
Henry Post Army Air Field (Fort Sill),Fort Sill,United States
Princeton Municipal Airport,Princeton,United States
Wright-Patterson Air Force Base,Dayton,United States
Edward G. Pitka Sr Airport,Galena,United States
Chandler Municipal Airport,Chandler,United States
Mineral Wells Airport,Mineral Wells,United States
Mc Connell Air Force Base,Wichita,United States
New Orleans NAS JRB/Alvin Callender Field,New Orleans,United States
Beaufort County Airport,Beaufort,United States
Texarkana Regional Webb Field,Texarkana,United States
Plattsburgh International Airport,Plattsburgh,United States
Phillips Army Air Field,Aberdeen,United States
Tucumcari Municipal Airport,Tucumcari,United States
Ted Stevens Anchorage International Airport,Anchorage,United States
Robert Gray  Army Air Field Airport,Killeen,United States
Black Rock Airport,Zuni Pueblo,United States
Bellingham International Airport,Bellingham,United States
Millington-Memphis Airport,Millington,United States
Elkins-Randolph Co-Jennings Randolph Field,Elkins,United States
Hartford Brainard Airport,Hartford,United States
North Central State Airport,Smithfield,United States
Mobile Regional Airport,Mobile,United States
Moffett Federal Airfield,Mountain View,United States
Santa Fe Municipal Airport,Santa Fe,United States
Barking Sands Airport,Barking Sands,United States
Beauregard Regional Airport,Deridder,United States
Bradshaw Army Airfield,Bradshaw Field,United States
Nogales International Airport,Nogales,United States
Mac Dill Air Force Base,Tampa,United States
Scott AFB/Midamerica Airport,Belleville,United States
Opa-locka Executive Airport,Miami,United States
Del Rio International Airport,Del Rio,United States
Southwest Florida International Airport,Fort Myers,United States
King Salmon Airport,King Salmon,United States
Muir Army Air Field (Fort Indiantown Gap) Airport,Muir,United States
Kapalua Airport,Lahania-kapalua,United States
John F Kennedy International Airport,New York,United States
Homestead ARB Airport,Homestead,United States
Riverside Municipal Airport,Riverside,United States
Sherman Army Air Field,Fort Leavenworth,United States
Wallops Flight Facility Airport,Wallops Island,United States
Holloman Air Force Base,Alamogordo,United States
Willow Grove Naval Air Station/Joint Reserve Base,Willow Grove,United States
Cheyenne Regional Jerry Olson Field,Cheyenne,United States
Stockton Metropolitan Airport,Stockton,United States
Charleston Air Force Base-International Airport,Charleston,United States
Reno Tahoe International Airport,Reno,United States
Ketchikan International Airport,Ketchikan,United States
Willow Run Airport,Detroit,United States
Vandenberg Air Force Base,Lompoc,United States
Birmingham-Shuttlesworth International Airport,Birmingham,United States
Lakehurst Maxfield Field Airport,Lakehurst,United States
Eareckson Air Station,Shemya,United States
Nellis Air Force Base,Las Vegas,United States
March ARB Airport,Riverside,United States
Modesto City Co-Harry Sham Field,Modesto,United States
Sacramento International Airport,Sacramento,United States
Waukegan National Airport,Chicago,United States
City of Colorado Springs Municipal Airport,Colorado Springs,United States
Buffalo Niagara International Airport,Buffalo,United States
Griffing Sandusky Airport,Sandusky,United States
Snohomish County (Paine Field) Airport,Everett,United States
Mountain Home Air Force Base,Mountain Home,United States
Cedar City Regional Airport,Cedar City,United States
Bradley International Airport,Windsor Locks,United States
Mc Allen Miller International Airport,Mcallen,United States
Norfolk Naval Station (Chambers Field),Norfolk,United States
Westover ARB/Metropolitan Airport,Chicopee Falls,United States
Lubbock Preston Smith International Airport,Lubbock,United States
Chicago O'Hare International Airport,Chicago,United States
Boca Raton Airport,Boca Raton,United States
Fairbanks International Airport,Fairbanks,United States
Quantico MCAF /Turner field,Quantico,United States
Cannon Air Force Base,Clovis,United States
Kaneohe Bay MCAS (Marion E. Carl Field) Airport,Kaneohe Bay,United States
Offutt Air Force Base,Omaha,United States
Gulkana Airport,Gulkana,United States
Watertown International Airport,Watertown,United States
Palm Springs International Airport,Palm Springs,United States
Rick Husband Amarillo International Airport,Amarillo,United States
Fort Dodge Regional Airport,Fort Dodge,United States
Barksdale Air Force Base,Shreveport,United States
Topeka Regional Airport - Forbes Field,Topeka,United States
Cotulla-La Salle County Airport,Cotulla,United States
Wilmington International Airport,Wilmington,United States
Baton Rouge Metropolitan Airport,Baton Rouge,United States
Meridian Naval Air Station,Meridian,United States
Tyler Pounds Regional Airport,Tyler,United States
Baltimore/Washington International Thurgood Marshall Airport,Baltimore,United States
Hobart Regional Airport,Hobart,United States
Lanai Airport,Lanai,United States
Alexandria International Airport,Alexandria,United States
Condron Army Air Field,White Sands,United States
Cold Bay Airport,Cold Bay,United States
Tulsa International Airport,Tulsa,United States
Sitka Rocky Gutierrez Airport,Sitka,United States
Long Island Mac Arthur Airport,Islip,United States
Minneapolis-St Paul International/Wold-Chamberlain Airport,Minneapolis,United States
New Castle Airport,Wilmington,United States
Unalaska Airport,Unalaska,United States
Louis Armstrong New Orleans International Airport,New Orleans,United States
Portland International Jetport Airport,Portland,United States
Will Rogers World Airport,Oklahoma City,United States
Albany International Airport,Albany,United States
Valdez Pioneer Field,Valdez,United States
Langley Air Force Base,Hampton,United States
John Wayne Airport-Orange County Airport,Santa Ana,United States
Columbus Air Force Base,Colombus,United States
Kendall-Tamiami Executive Airport,Kendall-tamiami,United States
Oceana Naval Air Station,Oceana,United States
Grissom Air Reserve Base,Peru,United States
Casper-Natrona County International Airport,Casper,United States
Destin-Ft Walton Beach Airport,Valparaiso,United States
Craig Field,Selma,United States
Key West International Airport,Key West,United States
Charlotte Douglas International Airport,Charlotte,United States
McCarran International Airport,Las Vegas,United States
Orlando International Airport,Orlando,United States
Florence Regional Airport,Florence,United States
Great Falls International Airport,Great Falls,United States
Youngstown Warren Regional Airport,Youngstown,United States
Ladd AAF Airfield,Fort Wainwright,United States
Mc Minnville Municipal Airport,Mackminnville,United States
Robins Air Force Base,Macon,United States
Pullman Moscow Regional Airport,Pullman,United States
Lewiston Nez Perce County Airport,Lewiston,United States
Elmira Corning Regional Airport,Elmira,United States
Ithaca Tompkins Regional Airport,Ithaca,United States
Monterey Peninsula Airport,Monterey,United States
Santa Barbara Municipal Airport,Santa Barbara,United States
Daytona Beach International Airport,Daytona Beach,United States
Downtown-Manhattan/Wall St Heliport,New York,United States
Talkeetna Airport,Talkeetna,United States
Tweed New Haven Airport,New Haven,United States
Asheville Regional Airport,Asheville,United States
Piedmont Triad International Airport,Greensboro,United States
Joe Foss Field Airport,Sioux Falls,United States
Manchester-Boston Regional Airport,Manchester NH,United States
Naples Municipal Airport,Naples,United States
Louisville International Standiford Field,Louisville,United States
Charlottesville Albemarle Airport,Charlottesville VA,United States
Roanoke–Blacksburg Regional Airport,Roanoke VA,United States
Blue Grass Airport,Lexington KY,United States
Evansville Regional Airport,Evansville,United States
Albuquerque International Sunport,Albuquerque,United States
Gallatin Field,Bozeman,United States
Billings Logan International Airport,Billings,United States
Bert Mooney Airport,Butte,United States
Cherry Capital Airport,Traverse City,United States
Hancock County-Bar Harbor Airport,Bar Harbor,United States
Knox County Regional Airport,Rockland,United States
Jackson Hole Airport,Jacksn Hole,United States
Chicago Rockford International Airport,Rockford,United States
Greenville Spartanburg International Airport,Greenville,United States
Central Illinois Regional Airport at Bloomington-Normal,Bloomington,United States
Gulfport Biloxi International Airport,Gulfport,United States
Kalamazoo Battle Creek International Airport,Kalamazoo,United States
Toledo Express Airport,Toledo,United States
Fort Wayne International Airport,Fort Wayne,United States
Decatur Airport,Decatur,United States
The Eastern Iowa Airport,Cedar Rapids,United States
La Crosse Municipal Airport,La Crosse,United States
Central Wisconsin Airport,Wassau,United States
General Wayne A. Downing Peoria International Airport,Peoria,United States
Appleton International Airport,Appleton,United States
Rochester International Airport,Rochester,United States
University of Illinois Willard Airport,Champaign,United States
Manhattan Regional Airport,Manhattan,United States
Venango Regional Airport,Franklin,United States
Grand Junction Regional Airport,Grand Junction,United States
St George Municipal Airport,Saint George,United States
David Wayne Hooks Memorial Airport,Houston,United States
Port O'Connor Private Heliport,Port O\'Connor,United States
Sarasota Bradenton International Airport,Sarasota,United States
Van Nuys Airport,Van Nuys,United States
Quad City International Airport,Moline,United States
Panama City-Bay Co International Airport,Panama City,United States
Bismarck Municipal Airport,Bismarck,United States
Telluride Regional Airport,Telluride,United States
Rapid City Regional Airport,Rapid City,United States
Mc Clellan-Palomar Airport,Carlsbad,United States
Bishop International Airport,Flint,United States
Redding Municipal Airport,Redding,United States
Mahlon Sweet Field,Eugene,United States
Idaho Falls Regional Airport,Idaho Falls,United States
Rogue Valley International Medford Airport,Medford,United States
Roberts Field,Redmond-Bend,United States
Akron Canton Regional Airport,Akron,United States
Huntsville International Carl T Jones Field,Huntsville,United States
Mid Ohio Valley Regional Airport,PARKERSBURG,United States
Montgomery Regional (Dannelly Field) Airport,MONTGOMERY,United States
Tri-Cities Regional TN/VA Airport,BRISTOL,United States
Barkley Regional Airport,PADUCAH,United States
Page Municipal Airport,Page,United States
Glacier Park International Airport,Kalispell,United States
MBS International Airport,Saginaw,United States
Greater Binghamton/Edwin A Link field,Binghamton,United States
Blythe Airport,Blythe,United States
Petersburg James A Johnson Airport,Petersburg,United States
Orlando Sanford International Airport,Sanford,United States
John Murtha Johnstown Cambria County Airport,Johnstown,United States
Missoula International Airport,Missoula,United States
Grand Canyon National Park Airport,Grand Canyon,United States
Sugar Land Regional Airport,Sugar Land,United States
Centennial Airport,Denver,United States
Clovis Municipal Airport,Clovis,United States
Fort Stockton Pecos County Airport,Fort Stockton,United States
Las Vegas Municipal Airport,Las Vegas,United States
West Houston Airport,Houston,United States
La Junta Municipal Airport,La Junta,United States
Las Cruces International Airport,Las Cruces,United States
Stephens County Airport,Breckenridge,United States
Draughon Miller Central Texas Regional Airport,Temple,United States
Ozona Municipal Airport,Ozona,United States
Eagle County Regional Airport,Vail,United States
Cuyahoga County Airport,Richmond Heights,United States
Mansfield Lahm Regional Airport,Mansfield,United States
Columbus Metropolitan Airport,Columbus,United States
Lawton Fort Sill Regional Airport,Lawton,United States
Northern Colorado Regional Airport,Fort Collins,United States
Flagstaff Pulliam Airport,Flagstaff,United States
Lake Tahoe Airport,South Lake Tahoe,United States
Joslin Field Magic Valley Regional Airport,Twin Falls,United States
Martha's Vineyard Airport,Vineyard Haven MA,United States
Concord Municipal Airport,Concord NH,United States
Groton New London Airport,Groton CT,United States
St Cloud Regional Airport,Saint Cloud,United States
Golden Triangle Regional Airport,Columbus Mississippi,United States
Bowerman Airport,Hoquiam,United States
Erie International Tom Ridge Field,Erie,United States
Barnstable Municipal Boardman Polando Field,Barnstable,United States
Sedona Airport,Sedona,United States
Morgantown Municipal Walter L. Bill Hart Field,Morgantown,United States
Yeager Airport,Charleston,United States
Wilkes Barre Scranton International Airport,Scranton,United States
Bemidji Regional Airport,Bemidji,United States
Hector International Airport,Fargo,United States
Charles B. Wheeler Downtown Airport,Kansas City,United States
Gillette Campbell County Airport,Gillette,United States
El Toro Marine Corps Air Station,Santa Ana,United States
University Park Airport,State College Pennsylvania,United States
Key Field,Meridian,United States
Abraham Lincoln Capital Airport,Springfield,United States
Cortez Municipal Airport,Cortez,United States
Yampa Valley Airport,Hayden,United States
Gallup Municipal Airport,Gallup,United States
Liberal Mid-America Regional Airport,Liberal,United States
Lamar Municipal Airport,Lamar,United States
Renner Field-Goodland Municipal Airport,Goodland,United States
Yellowstone Regional Airport,Cody,United States
Springfield Branson National Airport,Springfield,United States
Joplin Regional Airport,Joplin,United States
Lehigh Valley International Airport,Allentown,United States
Northwest Arkansas Regional Airport,Bentonville,United States
South Bend Regional Airport,South Bend,United States
Smith Field,Fort Wayne IN,United States
California Redwood Coast-Humboldt County Airport,Arcata CA,United States
Albert J Ellis Airport,Jacksonville NC,United States
Tuscaloosa Regional Airport,Tuscaloosa AL,United States
Dubuque Regional Airport,Dubuque IA,United States
Aberdeen Regional Airport,Aberdeen,United States
Southwest Georgia Regional Airport,Albany,United States
Athens Ben Epps Airport,Athens,United States
Alamogordo White Sands Regional Airport,Alamogordo,United States
Waterloo Regional Airport,Waterloo,United States
Walla Walla Regional Airport,Walla Walla,United States
Alpena County Regional Airport,Alpena,United States
Watertown Regional Airport,Watertown,United States
Bradford Regional Airport,Bradford,United States
Western Neb. Rgnl/William B. Heilig Airport,Scottsbluff,United States
Raleigh County Memorial Airport,Beckley,United States
Brunswick Golden Isles Airport,Brunswick,United States
Southeast Iowa Regional Airport,Burlington,United States
Jack Mc Namara Field Airport,Crescent City,United States
Cape Girardeau Regional Airport,Cape Girardeau,United States
Chippewa County International Airport,Sault Ste Marie,United States
North Central West Virginia Airport,Clarksburg,United States
William R Fairchild International Airport,Port Angeles,United States
Houghton County Memorial Airport,Hancock,United States
Dodge City Regional Airport,Dodge City,United States
DuBois Regional Airport,Du Bois,United States
Chippewa Valley Regional Airport,Eau Claire,United States
Elko Regional Airport,Elko,United States
New Bedford Regional Airport,New Bedford,United States
Fayetteville Regional Grannis Field,Fayetteville,United States
Wokal Field Glasgow International Airport,Glasgow,United States
Central Nebraska Regional Airport,Grand Island,United States
Memorial Field,Hot Springs,United States
Tri-State/Milton J. Ferguson Field,Huntington,United States
Kirksville Regional Airport,Kirksville,United States
Jamestown Regional Airport,Jamestown,United States
Laramie Regional Airport,Laramie,United States
Arnold Palmer Regional Airport,Latrobe,United States
North Platte Regional Airport Lee Bird Field,North Platte,United States
Lebanon Municipal Airport,Lebanon,United States
Crater Lake-Klamath Regional Airport,Klamath Falls,United States
Lancaster Airport,Lancaster,United States
Lewistown Municipal Airport,Lewistown,United States
Lynchburg Regional Preston Glenn Field,Lynchburg,United States
Muskegon County Airport,Muskegon,United States
Frank Wiley Field,Miles City,United States
Northwest Alabama Regional Airport,Muscle Shoals,United States
Southwest Oregon Regional Airport,North Bend,United States
Owensboro Daviess County Airport,Owensboro,United States
Hattiesburg Laurel Regional Airport,Hattiesburg/Laurel,United States
Pocatello Regional Airport,Pocatello,United States
Pierre Regional Airport,Pierre,United States
Pellston Regional Airport of Emmet County Airport,Pellston,United States
Portsmouth International at Pease Airport,Portsmouth,United States
Reading Regional Carl A Spaatz Field,Reading,United States
Rhinelander Oneida County Airport,Rhinelander,United States
Southwest Wyoming Regional Airport,Rock Springs,United States
Rutland - Southern Vermont Regional Airport,Rutland,United States
San Luis County Regional Airport,San Luis Obispo,United States
Sheridan County Airport,Sheridan,United States
Adirondack Regional Airport,Saranac Lake,United States
Salina Municipal Airport,Salina,United States
Santa Maria Pub/Capt G Allan Hancock Field,Santa Maria,United States
Tupelo Regional Airport,Tupelo,United States
Quincy Regional Baldwin Field,Quincy,United States
Victoria Regional Airport,Victoria,United States
Valdosta Regional Airport,Valdosta,United States
Worland Municipal Airport,Worland,United States
Yakima Air Terminal McAllister Field,Yakima,United States
Adak Airport,Adak Island,United States
Gustavus Airport,Gustavus,United States
Skagway Airport,Skagway,United States
Holy Cross Airport,Holy Cross,United States
Haines Airport,Haines,United States
Kalskag Airport,Kalskag,United States
McGrath Airport,Mcgrath,United States
Mountain Village Airport,Mountain Village,United States
Aniak Airport,Aniak,United States
Chevak Airport,Chevak,United States
Wrangell Airport,Wrangell,United States
Kalaupapa Airport,Molokai,United States
Aleknagik / New Airport,Aleknagik,United States
Mercer County Airport,Bluefield,United States
Mid Delta Regional Airport,Greenville,United States
Tri Cities Airport,Pasco,United States
Akutan Seaplane Base,Akutan,United States
Lopez Island Airport,Lopez,United States
Waikoloa Heliport,Waikoloa Village,United States
Worcester Regional Airport,Worcester,United States
Bremerton National Airport,Bremerton,United States
Spencer Municipal Airport,Spencer,United States
Jefferson City Memorial Airport,Jefferson City,United States
Provincetown Municipal Airport,Provincetown,United States
Fullerton Municipal Airport,Fullerton,United States
Concord-Padgett Regional Airport,Concord,United States
Friedman Memorial Airport,Hailey,United States
Mason City Municipal Airport,Mason City,United States
Phoenix-Mesa-Gateway Airport,Mesa,United States
Anaktuvuk Pass Airport,Anaktuvuk Pass,United States
Anvik Airport,Anvik,United States
Atqasuk Edward Burnell Sr Memorial Airport,Atqasuk,United States
Gambell Airport,Gambell,United States
Hooper Bay Airport,Hooper Bay,United States
Kaltag Airport,Kaltag,United States
St Mary's Airport,St Mary's,United States
Kivalina Airport,Kivalina,United States
Mekoryuk Airport,Mekoryuk,United States
Ruby Airport,Ruby,United States
Shishmaref Airport,Shishmaref,United States
Savoonga Airport,Savoonga,United States
Noatak Airport,Noatak,United States
Arctic Village Airport,Arctic Village,United States
Port Clarence Coast Guard Station,Port Clarence,United States
Hagerstown Regional Richard A Henson Field,Hagerstown,United States
Sand Point Airport,Sand Point,United States
Deering Airport,Deering,United States
Igiugig Airport,Igiugig,United States
New Stuyahok Airport,New Stuyahok,United States
King Cove Airport,King Cove,United States
Port Heiden Airport,Port Heiden,United States
Togiak Airport,Togiak Village,United States
Delta County Airport,Escanaba,United States
Yakutat Airport,Yakutat,United States
Williamson County Regional Airport,Marion,United States
Ford Airport,Iron Mountain,United States
Marquette Airport,Marquette,United States
Allakaket Airport,Allakaket,United States
Michigan City Municipal Airport,Michigan City,United States
Seward Airport,Seward,United States
Grand Marais Cook County Airport,Grand Marais,United States
Wausau Downtown Airport,Wausau,United States
Delaware County Johnson Field,Muncie,United States
Purdue University Airport,Lafayette,United States
Brown County Airport,Georgetown,United States
North Las Vegas Airport,Las Vegas,United States
Kenosha Regional Airport,Kenosha,United States
Montrose Regional Airport,Montrose CO,United States
Riverton Regional Airport,Riverton WY,United States
Eastern Oregon Regional At Pendleton Airport,Pendleton,United States
Wittman Regional Airport,Oshkosh,United States
Pangborn Memorial Airport,Wenatchee,United States
NAS Fort Worth JRB/Carswell Field,Dallas,United States
Gary Chicago International Airport,Gary,United States
Brainerd Lakes Regional Airport,Brainerd,United States
Greenbrier Valley Airport,Lewisburg,United States
Pitt Greenville Airport,Greenville,United States
Chefornak Airport,Chefornak,United States
Oxnard Airport,Oxnard,United States
Branson Airport,Branson,United States
Schenectady County Airport,Scotia NY,United States
Northeast Florida Regional Airport,St. Augustine Airport,United States
Charles M. Schulz Sonoma County Airport,Santa Rosa,United States
Kissimmee Gateway Airport,Kissimmee,United States
Lake City Gateway Airport,Lake City,United States
Deland Municipal Sidney H Taylor Field,DeLand,United States
Haller Airpark,Green Cove Springs,United States
Logan-Cache Airport,Logan,United States
Brigham City Regional Airport,Brigham City,United States
Malad City Airport,Malad City,United States
Aspen-Pitkin Co/Sardy Field,Aspen,United States
Kerrville Municipal Louis Schreiner Field,Kerrville,United States
Sussex County Airport,Georgetown,United States
Great Bend Municipal Airport,Great Bend,United States
Hays Regional Airport,Hays,United States
Spirit of St Louis Airport,Null,United States
Ely Municipal Airport,Ely,United States
Grand Rapids Itasca Co-Gordon Newstrom field,Grand Rapids MN,United States
Thief River Falls Regional Airport,Thief River Falls,United States
Eagle River Union Airport,Eagle River,United States
Lakeland-Noble F. Lee Memorial field,Minocqua - Woodruff,United States
Ankeny Regional Airport,Ankeny,United States
Corpus Christi Naval Air Station/Truax Field,Corpus Christi,United States
Catalina Airport,Catalina Island,United States
Mojave Airport,Mojave,United States
Hutchinson Municipal Airport,Hutchinson,United States
Rosecrans Memorial Airport,Rosecrans,United States
Volk Field,Camp Douglas,United States
Gunnison Crested Butte Regional Airport,Gunnison,United States
Zamperini Field,Torrance,United States
Manistee Co Blacker Airport,Manistee,United States
Charlotte County Airport,Punta Gorda,United States
Northern Aroostook Regional Airport,Frenchville,United States
Chautauqua County-Jamestown Airport,Jamestown,United States
Lake Cumberland Regional Airport,Somerset,United States
Shenandoah Valley Regional Airport,Weyers Cave,United States
Devils Lake Regional Airport,Devils Lake,United States
Dickinson Theodore Roosevelt Regional Airport,Dickinson,United States
Sidney - Richland Regional Airport,Sidney,United States
Chadron Municipal Airport,Chadron,United States
Alliance Municipal Airport,Alliance,United States
Mc Cook Ben Nelson Regional Airport,McCook,United States
The Florida Keys Marathon Airport,Marathon,United States
Dawson Community Airport,Glendive,United States
L M Clayton Airport,Wolf Point,United States
Yellowstone Airport,West Yellowstone,United States
San Luis Valley Regional Bergman Field,Alamosa,United States
Canyonlands Field,Moab,United States
Ely Airport Yelland Field,Ely,United States
Vernal Regional Airport,Vernal,United States
Sierra Blanca Regional Airport,Ruidoso,United States
Show Low Regional Airport,Show Low,United States
McCall Municipal Airport,McCall,United States
Lemhi County Airport,Salmon,United States
Mammoth Yosemite Airport,Mammoth Lakes,United States
Friday Harbor Airport,Friday Harbor,United States
Orcas Island Airport,Eastsound,United States
Astoria Regional Airport,Astoria,United States
Newport Municipal Airport,Newport,United States
Emmonak Airport,Emmonak,United States
Unalakleet Airport,Unalakleet,United States
Ugnu-Kuparuk Airport,Kuparuk,United States
Shageluk Airport,Shageluk,United States
Chuathbaluk Airport,Chuathbaluk,United States
Nuiqsut Airport,Nuiqsut,United States
Eek Airport,Eek,United States
Kasigluk Airport,Kasigluk,United States
Kwethluk Airport,Kwethluk,United States
Kwigillingok Airport,Kwigillingok,United States
Marshall Don Hunter Sr Airport,Marshall,United States
Russian Mission Airport,Russian Mission,United States
Koliganek Airport,Koliganek,United States
Manokotak Airport,Manokotak,United States
Chalkyitsik Airport,Chalkyitsik,United States
Eagle Airport,Eagle,United States
Hughes Airport,Hughes,United States
Huslia Airport,Huslia,United States
Nulato Airport,Nulato,United States
Venetie Airport,Venetie,United States
Beaver Airport,Beaver,United States
Central Airport,Central,United States
Shungnak Airport,Shungnak,United States
Inyokern Airport,Inyokern,United States
Visalia Municipal Airport,Visalia,United States
Merced Regional Macready Field,Merced,United States
Phoenix Goodyear Airport,Goodyear,United States
Angoon Seaplane Base,Angoon,United States
Elfin Cove Seaplane Base,Elfin Cove,United States
Funter Bay Seaplane Base,Funter Bay,United States
Hoonah Airport,Hoonah,United States
Kake Airport,Kake,United States
Metlakatla Seaplane Base,Metakatla,United States
Hydaburg Seaplane Base,Hydaburg,United States
Egegik Airport,Egegik,United States
Perryville Airport,Perryville,United States
Pilot Point Airport,Pilot Point,United States
South Naknek Nr 2 Airport,South Naknek,United States
Akhiok Airport,Akhiok,United States
Karluk Airport,Karluk,United States
Larsen Bay Airport,Larsen Bay,United States
Ambler Airport,Ambler,United States
Buckland Airport,Buckland,United States
Bob Baker Memorial Airport,Kiana,United States
Kobuk Airport,Kobuk,United States
Robert (Bob) Curtis Memorial Airport,Noorvik,United States
Selawik Airport,Selawik,United States
Brevig Mission Airport,Brevig Mission,United States
Elim Airport,Elim,United States
Golovin Airport,Golovin,United States
Teller Airport,Teller,United States
Wales Airport,Wales,United States
White Mountain Airport,White Mountain,United States
Koyuk Alfred Adams Airport,Koyuk,United States
St Michael Airport,St. Michael,United States
Shaktoolik Airport,Shaktoolik,United States
Tin City Long Range Radar Station Airport,Tin City,United States
Atka Airport,Atka,United States
Nikolski Air Station,Nikolski,United States
Yakataga Airport,Yakataga,United States
Alakanuk Airport,Alakanuk,United States
Kipnuk Airport,Kipnuk,United States
False Pass Airport,False Pass,United States
Nelson Lagoon Airport,Nelson Lagoon,United States
Port Moller Airport,Cold Bay,United States
Klawock Airport,Klawock,United States
Quinhagak Airport,Quinhagak,United States
Kotlik Airport,Kotlik,United States
Koyukuk Airport,Koyukuk,United States
Scammon Bay Airport,Scammon Bay,United States
Nondalton Airport,Nondalton,United States
Kongiganak Airport,Kongiganak,United States
Nikolai Airport,Nikolai,United States
Akiak Airport,Akiak,United States
Wainwright Airport,Wainwright,United States
Chenega Bay Airport,Chenega,United States
Tok Junction Airport,Tok,United States
Circle City /New/ Airport,Circle,United States
Sleetmute Airport,Sleetmute,United States
Healy River Airport,Healy,United States
Klawock Seaplane Base,Klawock,United States
Minchumina Airport,Lake Minchumina,United States
Manley Hot Springs Airport,Manley Hot Springs,United States
Eastern WV Regional Airport/Shepherd Field,Martinsburg,United States
Rock Hill - York County Airport,Rock Hill,United States
Allegheny County Airport,Pittsburgh,United States
Cecil Airport,Jacksonville,United States
Fulton County Airport Brown Field,Atlanta,United States
The Ohio State University Airport - Don Scott Field,Columbus,United States
Addison Airport,Addison,United States
Destin Executive Airport,Destin,United States
Kinston Regional Jetport At Stallings Field,Kinston,United States
First Flight Airport,Kill Devil Hills,United States
Provo Municipal Airport,Provo,United States
Steamboat Springs Bob Adams Field,Steamboat Springs,United States
Delta Municipal Airport,Delta,United States
Richfield Municipal Airport,Richfield,United States
Carbon County Regional/Buck Davis Field,Price,United States
Los Alamos Airport,Los Alamos,United States
Lake Havasu City Airport,Lake Havasu City,United States
Winslow Lindbergh Regional Airport,Winslow,United States
Douglas Municipal Airport,Douglas,United States
Bartow Municipal Airport,Bartow,United States
Livermore Municipal Airport,Livermore,United States
Mariposa Yosemite Airport,Mariposa,United States
Jacqueline Cochran Regional Airport,Palm Springs,United States
Santa Monica Municipal Airport,Santa Monica,United States
Bermuda Dunes Airport,Palm Springs,United States
Scottsdale Airport,Scottsdale,United States
Olympia Regional Airport,Olympia,United States
Yolo County Davis Woodland Winters Airport,Davis-Woodland-Winters,United States
Garfield County Regional Airport,Rifle,United States
Shively Field,SARATOGA,United States
DeKalb Peachtree Airport,Atlanta,United States
Monroe County Airport,Bloomington,United States
Witham Field,Stuart,United States
Morristown Municipal Airport,Morristown,United States
Napa County Airport,Napa,United States
Brown Field Municipal Airport,San Diego,United States
Venice Municipal Airport,Venice,United States
Palm Beach County Glades Airport,Pahokee,United States
Northwest Florida Beaches International Airport,Panama City,United States
San Bernardino International Airport,San Bernardino,United States
San Carlos Airport,San Carlos,United States
Rocky Mount Wilson Regional Airport,Rocky Mount,United States
Whittier Airport,Whittier,United States
Soldotna Airport,Soldotna,United States
Gillespie Field,El Cajon,United States
San Clemente Island Naval Auxiliary Landing Field,San Clemente Island,United States
Truckee Tahoe Airport,Truckee,United States
Cobb County-Mc Collum Field,Atlanta,United States
Dell Flight Strip,Dell,United States
Mission Field,Livingston-Montana,United States
Big Timber Airport,Big Timber,United States
Tulip City Airport,Holland,United States
Monument Valley Airport,Monument Valley,United States
West 30th St. Heliport,New York,United States
Lakeland Linder International Airport,Lakeland,United States
Indianola Municipal Airport,New York,United States
French Valley Airport,Murrieta-Temecula,United States
Carl R Keller Field,Port Clinton,United States
Dayton-Wright Brothers Airport,Dayton,United States
Richmond Municipal Airport,Richmond,United States
Findlay Airport,Findley,United States
Black Hills Airport-Clyde Ice Field,Spearfish-South Dakota,United States
Olive Branch Airport,Olive Branch,United States
Rocky Mountain Metropolitan Airport,Broomfield-CO,United States
Salem Municipal Airport/McNary Field,Salem,United States
Tunica Municipal Airport,Tunica,United States
Lawrence J Timmerman Airport,Milwaukee,United States
Southern Wisconsin Regional Airport,Janesville,United States
Arlington Municipal Airport,Arlington,United States
Gwinnett County Briscoe Field,Lawrenceville,United States
Bowling Green Warren County Regional Airport,Bowling Green,United States
Richard Lloyd Jones Jr Airport,Tulsa,United States
Bryce Canyon Airport,Bryce Canyon,United States
Burlington Alamance Regional Airport,Burlington,United States
New Century Aircenter Airport,Olathe,United States
Easton Newnam Field,Easton,United States
Yuba County Airport,Yuba City,United States
Halliburton Field,Duncan,United States
Garner Field,Uvalde,United States
Lewis University Airport,Lockport,United States
Buchanan Field,Concord,United States
Ocean Reef Club Airport,Ocean Reef Club Airport,United States
Ohio University Snyder Field,Athens,United States
Springfield-Beckley Municipal Airport,Springfield,United States
Philip Billard Municipal Airport,Topeka,United States
Benson Airstrip,Uvalde,United States
Rough River State Park Airport,Null,United States
Smyrna Airport,Smyrna,United States
Franklin County Airport,Sewanee,United States
Collin County Regional At Mc Kinney Airport,DALLAS,United States
Chicago Executive Airport,Chicago-Wheeling,United States
Southwest Washington Regional Airport,Kelso,United States
Wilmington Airpark,Wilmington,United States
Marana Regional Airport,Tucson,United States
Casa Grande Municipal Airport,Casa Grande,United States
Mobile Airport,Mobile,United States
Buckeye Municipal Airport,Buckeye,United States
Gila Bend Municipal Airport,Gila Bend,United States
McMinn County Airport,Athens,United States
Sterling Municipal Airport,Sterling,United States
Rawlins Municipal Airport/Harvey Field,Rawlins,United States
Essex County Airport,Caldwell,United States
Lee C Fine Memorial Airport,Kaiser Lake Ozark,United States
Thomasville Regional Airport,Thomasville,United States
Henderson Executive Airport,Henderson,United States
Henry Tift Myers Airport,Tifton,United States
Phoenix Deer Valley Airport,Phoenix ,United States
Republic Airport,Farmingdale,United States
South Texas Regional Airport at Hondo,Hondo,United States
McKinley National Park Airport,McKinley Park,United States
Lake Hood Airport,Anchorage,United States
Prospect Creek Airport,Prospect Creek,United States
Wheeling Ohio County Airport,Wheeling,United States
Fitzgerald Municipal Airport,Fitzgerald,United States
Aransas County Airport,Rockport,United States
Crisp County Cordele Airport,Cordele,United States
Ormond Beach Municipal Airport,Ormond Beach,United States
Portland Troutdale Airport,Troutdale,United States
Portland Hillsboro Airport,Hillsboro,United States
One Police Plaza Heliport,New York,United States
Bend Municipal Airport,Bend,United States
Christmas Valley Airport,Christmas Valley,United States
Burns Municipal Airport,Burns,United States
Prineville Airport,Prineville,United States
Red Bluff Municipal Airport,Red Bluff,United States
Marin County Airport - Gnoss Field,Novato,United States
Lake County Airport,Lakeview,United States
Tillamook Airport,Tillamook,United States
Ontario Municipal Airport,Ontario,United States
Columbia Gorge Regional the Dalles Municipal Airport,The Dalles,United States
Montgomery County Airpark,Gaithersburg,United States
Charlevoix Municipal Airport,Charelvoix,United States
Flagler Executive Airport,Flagler,United States
Morrisville Stowe State Airport,Morrisville,United States
Dallas Executive Airport,Dallas,United States
Westerly State Airport,Washington County,United States
Block Island State Airport,Block Island,United States
Nightmute Airport,Nightmute,United States
Toksook Bay Airport,Toksook Bay,United States
Decatur County Industrial Air Park,Bainbridge,United States
Silver Springs Airport,Silver Springs,United States
Whiteman Airport,Los Angeles,United States
Madera Municipal Airport,Madera,United States
Apalachicola Regional Airport,Apalachicola,United States
Douglas Municipal Airport,Douglas,United States
St Lucie County International Airport,Fort Pierce,United States
Taunton Municipal King Field,Taunton,United States
Plymouth Municipal Airport,Plymouth,United States
Quonset State Airport,North Kingstown,United States
Norwood Memorial Airport,Norwood,United States
Westfield-Barnes Regional Airport,Westfield,United States
Windham Airport,Willimantic,United States
Orange County Airport,Montgomery,United States
Capital City Airport,Harrisburg,United States
Marshfield Municipal George Harlow Field,Marshfield,United States
Danbury Municipal Airport,Danbury,United States
Boire Field,Nashua,United States
Lawrence Municipal Airport,Lawrence,United States
Waterbury Oxford Airport,Oxford,United States
Fitchburg Municipal Airport,Fitchburg,United States
Earl L. Small Jr. Field/Stockmar Airport,Villa Rica,United States
Cartersville Airport,Cartersville,United States
Centre-Piedmont-Cherokee County Regional Airport,Centre,United States
Richard B Russell Airport,Rome,United States
Northeast Alabama Regional Airport,Gadsden,United States
Knoxville Downtown Island Airport,Knoxville,United States
Barrow County Airport,Winder,United States
Plantation Airpark,Sylvania,United States
Dalton Municipal Airport,Dalton,United States
West Georgia Regional O V Gray Field,Carrollton,United States
LaGrange Callaway Airport,LaGrange,United States
Baldwin County Regional Airport,Milledgeville,United States
Harris County Airport,Pine Mountain,United States
Peachtree City Falcon Field,Atlanta,United States
Lee Gilmer Memorial Airport,Gainesville,United States
Harry Clever Field,New Philadelpha,United States
Darlington County Airport,Darlington,United States
Hilton Head Airport,Hilton Head Island,United States
Daniel Field,Augusta,United States
Foothills Regional Airport,Morganton,United States
Pike County-Hatcher Field,Pikeville,United States
Mallards Landing Airport,Locust Grove,United States
Toccoa Airport - R.G. Letourneau Field,Toccoa,United States
Fort Worth Alliance Airport,Fort Worth,United States
East Troy Municipal Airport,East Troy,United States
Lawrence Municipal Airport,Lawrence,United States
Wellington Municipal Airport,Wellington,United States
Pompano Beach Airpark,Pompano Beach,United States
Shelby County Airport,Alabaster,United States
Sky Ranch At Carefree Airport,Carefree,United States
Indianapolis Metropolitan Airport,Indianapolis,United States
London-Corbin Airport/Magee Field,London,United States
Simmons Army Air Field,Fredericksburg,United States
John H Batten Airport,Racine,United States
Redlands Municipal Airport,Redlands,United States
Flabob Airport,Riverside,United States
Tacoma Narrows Airport,Tacoma,United States
Jack Edwards Airport,Gulf Shores,United States
Hazleton Municipal Airport,Hazleton,United States
Greater Cumberland Regional Airport,Cumberland,United States
Sugar Loaf Shores Airport,Key West,United States
Tri-County Regional Airport,Lone Rock,United States
Price County Airport,Phillips,United States
Monroe Municipal Airport,Monroe,United States
Joliet Regional Airport,Joliet,United States
Illinois Valley Regional Airport-Walter A Duncan Field,Peru,United States
Jackson County Reynolds Field,Jackson,United States
Joseph A. Hardy Connellsville Airport,Connellsville,United States
Bedford County Airport,Bedford,United States
Wings Field,Philadelphia,United States
Okeechobee County Airport,Okeechobee,United States
Sebring Regional Airport,Sebring,United States
Avon Park Executive Airport,Avon Park,United States
Winter Haven Regional Airport - Gilbert Field,Winter Haven,United States
Zephyrhills Municipal Airport,Zephyrhills,United States
Ocala International Airport - Jim Taylor Field,Ocala,United States
Jesup Wayne County Airport,Jesup,United States
Madison Municipal Airport,Madison,United States
Newnan Coweta County Airport,Newnan,United States
Thomson-McDuffie County Airport,Thomson,United States
Aiken Regional Airport,Aiken,United States
Woodward Field,Camden,United States
Lumberton Regional Airport,Lumberton,United States
Moore County Airport,Pinehurst-Southern Pines,United States
Richmond County Airport,Rockingham,United States
Baraboo Wisconsin Dells Airport,Baraboo,United States
Statesville Regional Airport,Statesville,United States
Burlington Municipal Airport,Burlington,United States
William T. Piper Memorial Airport,Lock Haven,United States
Zelienople Municipal Airport,Zelienople,United States
Lorain County Regional Airport,Lorain-Elyria,United States
Burke Lakefront Airport,Cleveland,United States
Chautauqua County-Dunkirk Airport,Dunkirk,United States
South Jersey Regional Airport,Mount Holly,United States
Linden Airport,Linden,United States
Tri State Steuben County Airport,Angola,United States
Warsaw Municipal Airport,Warsaw,United States
Van Wert County Airport,Van Wert,United States
Brooks Field,Marshall,United States
Genesee County Airport,Batavia,United States
Clearwater Air Park,Clearwater,United States
Chicago Meigs Airport,Chicago,United States
Pickens County Airport,Jasper,United States
Grand Strand Airport,North Myrtle Beach,United States
Lansing Municipal Airport,Lansing,United States
Ramona Airport,Ramona,United States
Branch County Memorial Airport,Coldwater,United States
Wilkes Barre Wyoming Valley Airport,Wilkes-Barre,United States
Willoughby Lost Nation Municipal Airport,Willoughby,United States
Capital City Airport,Frankfort,United States
Auburn Lewiston Municipal Airport,Lewiston,United States
Bloyer Field,Tomah,United States
Marco Island Executive Airport,Marco Island Airport,United States
Drummond Island Airport,Drummond Island,United States
Gladwin Zettel Memorial Airport,Gladwin,United States
South Haven Area Regional Airport,South Haven,United States
Marshfield Municipal Airport,Marshfield,United States
Alexander Field South Wood County Airport,Wisconsin Rapids,United States
Clinton Municipal Airport,Clinton,United States
Beverly Municipal Airport,Beverly,United States
Poplar Bluff Municipal Airport,Poplar Bluff,United States
Somerset Airport,Somerville,United States
Eastport Municipal Airport,Eastport,United States
Keokuk Municipal Airport,Keokuk,United States
St Paul Downtown Holman Field,St. Paul,United States
Oconomowoc Airport,Oconomowoc,United States
Butler Co Regional Airport - Hogan Field,Hamilton,United States
Fond du Lac County Airport,Fond du Lac,United States
Waupaca Municipal Airport,Waupaca,United States
Stevens Point Municipal Airport,Stevens Point,United States
Luce County Airport,Newberry,United States
Galion Municipal Airport,Galion,United States
Clarksville–Montgomery County Regional Airport,Clarksville,United States
Lompoc Airport,Lompoc,United States
Chester County G O Carlson Airport,Coatesville,United States
Lake Placid Airport,Lake Placid,United States
Lima Allen County Airport,Lima,United States
Malcolm McKinnon Airport,Brunswick,United States
Beaver County Airport,Beaver Falls,United States
Georgetown County Airport,Georgetown,United States
Hardwick Field,Cleveland,United States
Renton Municipal Airport,Renton,United States
Brackett Field,La Verne,United States
Cross City Airport,Cross City,United States
Oconee County Regional Airport,Clemson,United States
Beech Factory Airport,Wichita,United States
Tom B. David Field,Calhoun,United States
Habersham County Airport,Cornelia,United States
Georgetown Municipal Airport,Georgetown,United States
Old Rhinebeck Airport,Rhinebeck,United States
Sidney Municipal-Lloyd W Carr Field,Sidney,United States
Kalaeloa Airport,Kapolei,United States
Iosco County Airport,East Tawas,United States
Madison County Executive Airport-Tom Sharp Jr Field,Huntsville,United States
Leesburg Executive Airport,Leesburg,United States
Anoka County-Blaine (Janes Field) Airport,Anoka,United States
Williamson Sodus Airport,Williamson,United States
Boulder Municipal Airport,Boulder,United States
Palo Alto Airport of Santa Clara County,Palo Alto,United States
Falcon Field,Mesa,United States
Coolidge Municipal Airport,Cooldige,United States
Cottonwood Airport,Cottonwood,United States
Ak-Chin Regional Airport,Phoenix,United States
Wickenburg Municipal Airport,Wickenburg,United States
Oakland County International Airport,Pontiac,United States
Dillant Hopkins Airport,Keene,United States
Glasgow Industrial Airport,Glasgow,United States
Iowa City Municipal Airport,Iowa City,United States
Windom Municipal Airport,Windom,United States
Longview Ranch Airport,Longview,United States
Lee Airport,Annapolis,United States
Pecos Municipal Airport,Pecos,United States
Hattiesburg Bobby L Chain Municipal Airport,Hattiesburg,United States
Chan Gurney Municipal Airport,Yankton,United States
Hayward Executive Airport,Hayward,United States
Ann Arbor Municipal Airport,Ann Arbor,United States
Henry County Airport,Hampton,United States
Alameda Naval Air Station,Alameda,United States
Comarapa Airport,Salt Lake City,United States
Immokalee Regional Airport,Immokalee ,United States
Rancho San Simeon Airport,Cambria,United States
Dinwiddie County Airport,Petersburg,United States
Sheboygan County Memorial Airport,Sheboygan,United States
Pinal Airpark,Marana,United States
Glendale Municipal Airport,Glendale,United States
Safford Regional Airport,Safford,United States
Sikeston Memorial Municipal Airport,Sikeston,United States
Floyd Bennett Memorial Airport,Queensbury,United States
Saratoga County Airport,Ballston Spa,United States
Crystal River Airport,Crystal River,United States
Martin State Airport,Baltimore,United States
Lincoln Regional Karl Harder Field,Lincoln,United States
Fostoria Metropolitan Airport,Fostoria,United States
Eastern Slopes Regional Airport,Fryeburg,United States
Coral Creek Airport,Placida,United States
Lakefront Airport,New Orleans,United States
Coeur D'Alene - Pappy Boyington Field,Coeur d'Alene,United States
Beaumont Municipal Airport,Beaumont,United States
Vermilion Regional Airport,Danville,United States
Space Coast Regional Airport,Titusville,United States
Andrau Airpark,Houston,United States
Flying Cloud Airport,Eden Prairie,United States
Johnson County Executive Airport,Olathe,United States
Brandywine Airport,West Goshen Township,United States
Manassas Regional Airport/Harry P. Davis Field,Manassas,United States
Texas Gulf Coast Regional Airport,Angleton,United States
Shelby County Airport,Shelbyville,United States
Enumclaw Airport,Enumclaw,United States
Port Alsworth Airport,Port alsworth,United States
Fairfield County Airport,Winnsboro,United States
Skyhaven Airport,Rochester,United States
Newton City-County Airport,Newton,United States
Taszár Air Base,Columbus,United States
Fort Bridger Airport,Fort Bridger,United States
Prosser Airport,Prosser,United States
Chehalis Centralia Airport,Chehalis,United States
Desert Aire Regional Airport,Mattawa,United States
Evanston-Uinta County Airport-Burns Field,Evanston,United States
Sabetha Municipal Airport,Sabetha,United States
Mt Pleasant Regional-Faison field,Mount Pleasant,United States
Jimmy Carter Regional Airport,Americus,United States
Weedon Field,Eufala,United States
Saluda County Airport,Saluda,United States
Dare County Regional Airport,Manteo,United States
Auburn University Regional Airport,Auburn,United States
Tri Cities Airport,Endicott,United States
Bessemer Airport,Bessemer,United States
Colorado Springs East Airport,Ellicott,United States
Crystal Airport,Crystal,United States
Clarke County Airport,Quitman,United States
W H 'Bud' Barron Airport,Dublin,United States
Corvallis Municipal Airport,Corvallis,United States
El Almendro Airport,Scranton,United States
San Agustin Airport,Morristown,United States
Ogden Hinckley Airport,Ogden,United States
Robert S Kerr Airport,Poteau,United States
Colorado Plains Regional Airport,Akron,United States
Sanderson Field,Shelton,United States
Napakiak Airport,Napakiak,United States
Napaskiak Airport,Napaskiak,United States
Tok Airport,Tok,United States
Causey Airport,Liberty,United States
Doylestown Airport,Doylestown,United States
Warren Field,Washington,United States
Hyde County Airport,Engelhard,United States
Stillwater Regional Airport,Stillwater,United States
Okmulgee Regional Airport,Okmulgee,United States
Cushing Municipal Airport,Cushing,United States
Clinton Sherman Airport,Clinton,United States
Strother Field,Winfield,United States
Wiley Post Airport,Oklahoma City,United States
Shreveport Downtown Airport,Shreveport,United States
Stephenville Clark Regional Airport,Stephenville,United States
Perry Municipal Airport,Perry,United States
Hamilton Municipal Airport,Hamilton,United States
Ada Regional Airport,Ada,United States
Mesquite Metro Airport,Misquite,United States
Denton Municipal Airport,Denton,United States
Austin Executive Airport,Austin,United States
Lago Vista Tx Rusty Allen Airport,Lago Vista,United States
Brenham Municipal Airport,Brenham,United States
Lakeway Airpark,Lakeway,United States
Iraan Municipal Airport,Iraan,United States
Kestrel Airpark,San Antonio,United States
Wilkes County Airport,North Wilkesboro,United States
Charleston Executive Airport,Charleston,United States
Danville Regional Airport,Danville,United States
Brookneal/Campbell County Airport,Brookneal,United States
Cheraw Municipal Airport/Lynch Bellinger Field,Cheraw,United States
Wauchula Municipal Airport,Wuchula,United States
Conway Horry County Airport,Conway,United States
Asheboro Regional Airport,Asheboro,United States
Henderson Field,Wallace,United States
Emporia Greensville Regional Airport,Emporia,United States
San Gabriel Valley Airport,El Monte,United States
Kee Field,Pineville,United States
Stinson Municipal Airport,Stinson,United States
Sallisaw Municipal Airport,Sallisaw,United States
Jasper County Airport-Bell Field,Jasper,United States
El Dorado Springs Memorial Airport,El dorado springs,United States
Marfa Municipal Airport,Marfa,United States
Alpine Casparis Municipal Airport,Alpine,United States
Cable Airport,Upland,United States
Mount Sterling Montgomery County Airport,Mount Sterling,United States
Elkhart Municipal Airport,Elkhart,United States
Nappanee Municipal Airport,Nappanee ,United States
Jim Hamilton L.B. Owens Airport,Columbia,United States
Grove Municipal Airport,Grove,United States
Mc Pherson Airport,Mc Pherson,United States
Donaldson Field Airport,Greenville,United States
Perry Houston County Airport,Perry,United States
Hartsville Regional Airport,Hartsville,United States
Horace Williams Airport,Chapel Hill,United States
Brunswick County Airport,Oak Island,United States
Chesterfield County Airport,Richmond,United States
Henderson Oxford Airport,Oxford,United States
Leesburg International Airport,Leesburg,United States
Chino Airport,Chino,United States
Madison County Airport,London,United States
Paso Robles Municipal Airport,Paso Robles,United States
Half Moon Bay Airport,Half Moon Bay,United States
General WM J Fox Airfield,Lancaster,United States
Person County Airport,Roxboro,United States
Talladega Municipal Airport,Talladega,United States
Greenville Downtown Airport,Greenville,United States
Mankato Regional Airport,Mankato,United States
Troy Municipal Airport at N Kenneth Campbell Field,Troy,United States
Merkel Field Sylacauga Municipal Airport,Sylacauga,United States
Enterprise Municipal Airport,Enterprise,United States
Ryan Field,Tucson,United States
Thomas C Russell Field,Alexander City,United States
Meriden Markham Municipal Airport,Meriden,United States
Ridgely Airpark,Ridgely,United States
New Castle Henry Co. Municipal Airport,New Castle,United States
Scott City Municipal Airport,Scott City,United States
Brewster Field,Holdredge,United States
Pratt Regional Airport,Pratt,United States
Wahoo Municipal Airport,Wahoo,United States
Jim Kelly Field,Lexington,United States
Sublette Municipal Airport,Sublette,United States
Council Bluffs Municipal Airport,Council Bluffs,United States
Kokomo Municipal Airport,Kokomo,United States
Neodesha Municipal Airport,Neodesha,United States
King Ranch Airport,Sutton,United States
Elkhart Morton County Airport,Elkhart,United States
Front Range Airport,Denver,United States
Galesburg Municipal Airport,Galesburg,United States
Guymon Municipal Airport,Guymon,United States
Meade Municipal Airport,Meade,United States
Turkey Mountain Estates Airport,Shell Knob,United States
Ulysses Airport,Ulysses,United States
Flagler Aerial Spraying Inc Airport,Flagler,United States
Independence Municipal Airport,Independence,United States
Augusta Municipal Airport,Augusta,United States
Larned Pawnee County Airport,Larned,United States
Lampasas Airport,Lampasas,United States
Bay City Municipal Airport,Bay City,United States
Cox Field,Paris,United States
Coffeyville Municipal Airport,Coffeyville,United States
The Farm Airport,Summit,United States
Greeley–Weld County Airport,Greeley,United States
General Dewitt Spain Airport,Memphis,United States
Oryol Yuzhny Airport,Oakley,United States
Fremont Municipal Airport,Fremont,United States
La Grande/Union County Airport,La Grande,United States
Pocono Mountains Municipal Airport,Mount Pocono,United States
Quakertown Airport,Quakertown,United States
Banning Municipal Airport,Banning,United States
Karl Stefan Memorial Airport,Norfolk  Nebraska,United States
Arlington Municipal Airport,Arlington,United States
Peter O Knight Airport,Tampa,United States
Montauk Airport,Montauk,United States
Porter County Municipal Airport,Valparaiso IN,United States
Mason County Airport,Ludington,United States
Reid-Hillview Airport of Santa Clara County,San Jose,United States
Camarillo Airport,Camarillo - CA,United States
Watsonville Municipal Airport,Watsonville,United States
Hollister Municipal Airport,Hollister,United States
Williamsburg Jamestown Airport,Williamsburg,United States
Union County Airport,Marysville,United States
St Louis Regional Airport,Alton/St Louis,United States
Chandler Field,Alexandria,United States
Columbus Municipal Airport,Columbus,United States
Curtis Field,Brady,United States
Eastern Sierra Regional Airport,Bishop,United States
Baker City Municipal Airport,Baker City,United States
Miley Memorial Field,Big Piney,United States
Ozark Regional Airport,Mountain Home,United States
W K Kellogg Airport,Battle Creek,United States
Burley Municipal Airport,Burley,United States
Northeast Iowa Regional Airport,Charles City,United States
Chanute Martin Johnson Airport,Chanute,United States
Jacksonville Executive at Craig Airport,Jacksonville,United States
Crossville Memorial Whitson Field,Crossville,United States
Davison Army Air Field,Fort Belvoir,United States
Barstow Daggett Airport,Daggett,United States
Deming Municipal Airport,Deming,United States
Desert Rock Airport,Mercury,United States
Needles Airport,Needles,United States
Duke Field,Crestview,United States
Murray Field,Eureka,United States
San Marcos Regional Airport,San Marcos,United States
Sawyer County Airport,Hayward,United States
Kimble County Airport,Junction,United States
Monticello Municipal Ellis Field,Monticello,United States
Derby Field,Lovelock,United States
Mobridge Municipal Airport,Mobridge,United States
Mc Comb/Pike County Airport/John E Lewis Field,Mc Comb,United States
Southern Illinois Airport,Carbondale/Murphysboro,United States
Mc Entire Joint National Guard Base,Eastover,United States
Brunswick Executive Airport,Brunswick,United States
Naval Station Mayport (Admiral David L. Mcdonald Field),Mayport,United States
Orangeburg Municipal Airport,Orangeburg,United States
Columbus Municipal Airport,Columbus,United States
Ottumwa Regional Airport,Ottumwa,United States
Cairns AAF (Fort Rucker) Air Field,Fort Rucker/Ozark,United States
Ralph Wenz Field,Pinedale,United States
Dutchess County Airport,Poughkeepsie,United States
New Richmond Regional Airport,New Richmond,United States
Russell Municipal Airport,Russell,United States
Redwood Falls Municipal Airport,Redwood Falls,United States
Salinas Municipal Airport,Salinas,United States
Sonora Municipal Airport,Sonora,United States
Saline County Regional Airport,Benton,United States
Tonopah Airport,Tonopah,United States
Aurora State Airport,Aurora,United States
Ukiah Municipal Airport,Ukiah,United States
University Oxford Airport,Oxford,United States
Huntsville Regional Airport,Huntsville,United States
Miller Field,Valentine,United States
Winnemucca Municipal Airport,Winnemucca,United States
West Woodward Airport,Woodward,United States
Cape Canaveral AFS Skid Strip,Cocoa Beach,United States
Homey (Area 51) Airport,Groom Lake,United States
Zanesville Municipal Airport,Zanesville,United States
Nenana Municipal Airport,Nenana,United States
Wasilla Airport,Wasilla,United States
Tracy Municipal Airport,Tracy,United States
Bolton Field,Columbus,United States
Skagit Regional Airport,Skagit,United States
Marion County Brown Field,Jasper,United States
Evergreen Regional Airport/Middleton Field,Evergreen,United States
Pryor Field Regional Airport,Decatur,United States
Glasgow Municipal Airport,Glasgow,United States
Danielson Airport,Danielson,United States
Clearfield Lawrence Airport,Clearfield,United States
Jasper County Airport,Rensselaer,United States
Statesboro Bulloch County Airport,Statesboro,United States
New Smyrna Beach Municipal Airport,New Smyrna Beach,United States
Las Vegas Helicopters Heliport,Las vegas,United States
Iowa County Airport,MINERAL POINT,United States
West Bend Municipal Airport,WEST BEND,United States
Gaylord Regional Airport,GAYLORD,United States
Anderson Municipal Darlington Field,ANDERSON,United States
Prairie Du Chien Municipal Airport,Prairie du Chien,United States
Air Orlando Heliport,Orlando,United States
Stanly County Airport,Albemarle,United States
Davidson County Airport,Lexington,United States
Windwood Fly-In Resort Airport,Davis,United States
Lathan Strip,Mocksville,United States
Double Eagle II Airport,Albuquerque,United States
Socorro Municipal Airport,Socorro,United States
Bentonville Municipal-Louise M Thaden Field,Bentonville,United States
Blue Ridge Airport,Martinsville,United States
Mount Airy Surry County Airport,Mount Airy,United States
Taos Regional Airport,Taos,United States
Raton Municipal-Crews Field,Raton,United States
Rusk County Airport,Ladysmith,United States
Perry Lefors Field,Pampa,United States
William R. Pogue Municipal Airport,Sand Springs,United States
Marion County Regional Airport,Flippin,United States
Hutchinson County Airport,Borger,United States
Santa Ynez Airport,Santa Ynez,United States
Spartanburg Downtown Memorial Airport,Spartangurg,United States
Tri-City Airport,Parsons,United States
Waycross Ware County Airport,Waycross,United States
Mid-State Regional Airport,Philipsburg,United States
Greater Portsmouth Regional Airport,Portsmouth,United States
Camilla Mitchell County Airport,Camilla,United States
Clarks Point Airport,Clarks Point,United States
Sandpoint Airport,Sandpoint,United States
Oakland Troy Airport,Troy,United States
Red Dog Airport,Red Dog,United States
Frankfort Dow Memorial Field,Frankfort,United States
Cheboygan County Airport,Cheboygan,United States
John C Tune Airport,Nashville,United States
Denali Airport,McKinley Park,United States
Potomac Airpark,Berkeley Springs,United States
Stennis International Airport,Bay St. Louis,United States
Seldovia Airport,Seldovia,United States
Julian Carroll Airport,Jackson,United States
Beaufort MCAS - Merritt Field,Beaufort,United States
Camp Pendleton MCAS (Munn Field) Airport,Oceanside,United States
Vidalia Regional Airport,Vidalia,United States
Granbury Regional Airport,Granbury,United States
Oswego County Airport,Fulton,United States
Mitchell Municipal Airport,Mitchell,United States
